ticker_solicitado,ticker_retornado,changed,classe_esperada,tipo_api,subtipo_api,fonte_tipo,http_status,endpoint,dados_validos,moeda,short_name,long_name,preco,preco_time_raw,preco_time_utc,preco_time_brt,fechamento_anterior,maxima_dia,minima_dia,volume,variacao,variacao_percentual,campos_nulos,campos_ausentes,latencia_ms,request_utc,requested_at,idade_vs_request_s,idade_vs_request_min,idade_vs_requested_at_s,erro,observacao
WEGE3,WEGE3,false,acao_ou_unit,stock,stock,tickers_subtype_stock,200,GET /api/v2/stocks/quote,true,BRL,WEGE3,WEG SA,50.49,2026-10-05T17:17:30.000Z,2026-10-05T17:17:30Z,2026-10-05T14:17:30-03:00,50.47,52.5,49.95,11484200,-0.96,-1.87,,,185.5,2026-10-05T17:18:57.011098Z,2026-10-05T17:18:58.748Z,87,1.45,88.7,,horario_pregao_brt=14:17:30
BPAC11,BPAC11,false,acao_ou_unit,stock,unit,tickers_subtype_unit,200,GET /api/v2/stocks/quote,true,BRL,BPAC11,Banco BTG Pactual SA Units Cons of 1 Sh + 2 Pfd Shs A,82.92,2026-10-05T17:17:30.000Z,2026-10-05T17:17:30Z,2026-10-05T14:17:30-03:00,82.93,84.59,75.4,40588700,16.9,25.6,marketCap,,178.3,2026-10-05T17:18:57.198030Z,2026-10-05T17:18:58.936Z,87.2,1.45,88.9,,horario_pregao_brt=14:17:30
ITUB4,ITUB4,false,acao_ou_unit,stock,stock,tickers_subtype_stock,200,GET /api/v2/stocks/quote,true,BRL,ITUB4,Itau Unibanco Holding SA Pfd,49.96,2026-10-05T17:17:30.000Z,2026-10-05T17:17:30Z,2026-10-05T14:17:30-03:00,49.95,50.68,48.08,65880100,5.13,11.44,,,254.9,2026-10-05T17:18:56.567832Z,2026-10-05T17:18:58.388Z,86.6,1.44,88.4,,horario_pregao_brt=14:17:30
EGIE3,EGIE3,false,acao_ou_unit,stock,stock,tickers_subtype_stock,200,GET /api/v2/stocks/quote,true,BRL,EGIE3,ENGIE Brasil Energia S.A.,32.53,2026-10-05T17:18:30.000Z,2026-10-05T17:18:30Z,2026-10-05T14:18:30-03:00,32.53,33.1,31.09,4447800,1.83,5.96,,,199.6,2026-10-05T17:18:57.378760Z,2026-10-05T17:18:59.140Z,27.4,0.46,29.1,,horario_pregao_brt=14:18:30
TAEE11,TAEE11,false,acao_ou_unit,stock,unit,tickers_subtype_unit,200,GET /api/v2/stocks/quote,true,BRL,TAEE11,Transmissora Alianca De Energia Eletrica S.A. Unit,44.41,2026-10-05T17:17:30.000Z,2026-10-05T17:17:30Z,2026-10-05T14:17:30-03:00,44.42,46.45,43.4,4646400,1.56,3.64,marketCap,,214.2,2026-10-05T17:18:57.580964Z,2026-10-05T17:18:59.349Z,87.6,1.46,89.3,,horario_pregao_brt=14:17:30
SBSP3,SBSP3,false,acao_ou_unit,stock,stock,tickers_subtype_stock,200,GET /api/v2/stocks/quote,true,BRL,SBSP3,Companhia de Saneamento Basico do Estado de Sao Paulo SABESP,31.69,2026-10-05T17:17:30.000Z,2026-10-05T17:17:30Z,2026-10-05T14:17:30-03:00,31.66,31.88,30.5,35305300,3.46,12.26,,,180.2,2026-10-05T17:18:57.795951Z,2026-10-05T17:18:59.541Z,87.8,1.46,89.5,,horario_pregao_brt=14:17:30
SAPR11,SAPR11,false,acao_ou_unit,stock,unit,tickers_subtype_unit,200,GET /api/v2/stocks/quote,true,BRL,SAPR11,Companhia de Saneamento do Parana - Sanepar Units Cons of 1 Sh + 4 Pfd Shs,38.21,2026-10-05T17:17:30.000Z,2026-10-05T17:17:30Z,2026-10-05T14:17:30-03:00,38.21,38.65,35.98,2330600,3,8.52,marketCap,,203.9,2026-10-05T17:18:57.977902Z,2026-10-05T17:18:59.735Z,88,1.47,89.7,,horario_pregao_brt=14:17:30
TIMS3,TIMS3,false,acao_ou_unit,stock,stock,tickers_subtype_stock,200,GET /api/v2/stocks/quote,true,BRL,TIMS3,TIM S.A.,19.4,2026-10-05T17:18:30.000Z,2026-10-05T17:18:30Z,2026-10-05T14:18:30-03:00,19.4,20.05,19.3,10186300,0.85,4.58,,,182.6,2026-10-05T17:18:58.182291Z,2026-10-05T17:18:59.929Z,28.2,0.47,29.9,,horario_pregao_brt=14:18:30
CMIG4,CMIG4,false,acao_ou_unit,stock,stock,tickers_subtype_stock,200,GET /api/v2/stocks/quote,true,BRL,CMIG4,Companhia Energetica de Minas Gerais SA Pfd,12.1,2026-10-05T17:17:30.000Z,2026-10-05T17:17:30Z,2026-10-05T14:17:30-03:00,12.11,12.33,11.9,32548200,0.69,6.05,,,172.5,2026-10-05T17:18:58.366042Z,2026-10-05T17:19:00.103Z,88.4,1.47,90.1,,horario_pregao_brt=14:17:30
HGLG11,HGLG11,false,fii,fund,fii,tickers_subtype_fii,200,GET /api/v2/stocks/quote,true,BRL,HGLG11,Patria Log - Fundo de Investimento Imobiliario - Responsabilidade Limitada Cotas,150.46,2026-10-05T17:17:30.000Z,2026-10-05T17:17:30Z,2026-10-05T14:17:30-03:00,150.39,155,148.63,165103,2.56,1.73,marketCap,,236.2,2026-10-05T17:18:58.540048Z,2026-10-05T17:19:00.338Z,88.5,1.48,90.3,,horario_pregao_brt=14:17:30
VRTA11,VRTA11,false,fii,fund,fii,tickers_subtype_fii,200,GET /api/v2/stocks/quote,true,BRL,VRTA11,Fator Verita Fundo de Investimento Imobiliario - FII Cotas,72.47,2026-10-05T17:15:30.000Z,2026-10-05T17:15:30Z,2026-10-05T14:15:30-03:00,72.47,73.5,71.13,24013,1.57,2.21,marketCap,,198.9,2026-10-05T17:18:58.776425Z,2026-10-05T17:19:00.529Z,208.8,3.48,210.5,,horario_pregao_brt=14:15:30
BTLG11,BTLG11,false,fii,fund,fii,tickers_subtype_fii,200,GET /api/v2/stocks/quote,true,BRL,BTLG11,BTG Pactual Logistica Fundo de Investimento Imobiliario Responsabilidade Limitada,100.76,2026-10-05T17:17:30.000Z,2026-10-05T17:17:30Z,2026-10-05T14:17:30-03:00,100.76,102.38,100.06,226810,0.76,0.76,marketCap,,213.4,2026-10-05T17:18:58.976183Z,2026-10-05T17:19:00.743Z,89,1.48,90.7,,horario_pregao_brt=14:17:30
RBVA11,RBVA11,false,fii,fund,fii,tickers_subtype_fii,200,GET /api/v2/stocks/quote,true,BRL,RBVA11,Fundo de Investimento Imobiliario Rio Bravo Renda Varejo - FII,8.8,2026-10-05T17:18:30.000Z,2026-10-05T17:18:30Z,2026-10-05T14:18:30-03:00,8.8,8.9,8.75,170520,0.13,1.5,marketCap,,223.8,2026-10-05T17:18:59.191252Z,2026-10-05T17:19:00.971Z,29.2,0.49,31,,horario_pregao_brt=14:18:30
HGBS11,HGBS11,false,fii,fund,fii,tickers_subtype_fii,200,GET /api/v2/stocks/quote,true,BRL,HGBS11,CSHG Brasil Shopping Fundo de Investimento Imobiliario Cotas,18.57,2026-10-05T17:18:30.000Z,2026-10-05T17:18:30Z,2026-10-05T14:18:30-03:00,18.58,18.85,18.36,283409,0.38,2.09,marketCap,,618.9,2026-10-05T17:18:59.416541Z,2026-10-05T17:19:01.507Z,29.4,0.49,31.5,,horario_pregao_brt=14:18:30
GARE11,GARE11,false,fii,fund,fii,tickers_subtype_fii,200,GET /api/v2/stocks/quote,true,BRL,GARE11,Fundo de Investimento Imobiliario Guardian Real Estate,8.46,2026-10-05T17:17:30.000Z,2026-10-05T17:17:30Z,2026-10-05T14:17:30-03:00,8.46,8.58,8.42,1057032,0.07,0.83,marketCap,,170.3,2026-10-05T17:19:00.035828Z,2026-10-05T17:19:01.773Z,90,1.5,91.8,,horario_pregao_brt=14:17:30
ALZR11,ALZR11,false,fii,fund,fii,tickers_subtype_fii,200,GET /api/v2/stocks/quote,true,BRL,ALZR11,Alianza Trust Renda Imobiliaria Fundo Investimento Imobiliario Investor,10.22,2026-10-05T17:18:30.000Z,2026-10-05T17:18:30Z,2026-10-05T14:18:30-03:00,10.21,10.5,10.1,427594,0.11,1.09,marketCap,,516.1,2026-10-05T17:19:00.207751Z,2026-10-05T17:19:02.211Z,30.2,0.5,32.2,,horario_pregao_brt=14:18:30
MXRF11,MXRF11,false,fii,fund,fii,tickers_subtype_fii,200,GET /api/v2/stocks/quote,true,BRL,MXRF11,Maxi Renda Fundo de Investimento Imobiliario Cotas,9.16,2026-10-05T17:17:30.000Z,2026-10-05T17:17:30Z,2026-10-05T14:17:30-03:00,9.16,9.34,9.12,2413710,0.07,0.77,marketCap,,197,2026-10-05T17:19:00.725253Z,2026-10-05T17:19:02.487Z,90.7,1.51,92.5,,horario_pregao_brt=14:17:30
BTHF11,BTHF11,false,fii,fund,fii,tickers_subtype_fii,200,GET /api/v2/stocks/quote,true,BRL,BTHF11,BTG Pactual Real Estate Hedge Fund FII Fundo de Investimento Imobiliario Responsabilidade Limitada,8.84,2026-10-05T17:18:30.000Z,2026-10-05T17:18:30Z,2026-10-05T14:18:30-03:00,8.84,8.98,8.76,368008,0.13,1.49,marketCap,,171.8,2026-10-05T17:19:00.922784Z,2026-10-05T17:19:02.660Z,30.9,0.52,32.7,,horario_pregao_brt=14:18:30
GGRC11,GGRC11,false,fii,fund,fii,tickers_subtype_fii,200,GET /api/v2/stocks/quote,true,BRL,GGRC11,Zagros Renda Imobiliaria Fundo de Investimento Imobiliario - Responsabilidade Limitada,9.08,2026-10-05T17:18:30.000Z,2026-10-05T17:18:30Z,2026-10-05T14:18:30-03:00,9.07,9.2,8.95,1330698,0.17,1.91,marketCap,,234.3,2026-10-05T17:19:01.095590Z,2026-10-05T17:19:02.870Z,31.1,0.52,32.9,,horario_pregao_brt=14:18:30
XPLG11,XPLG11,false,fii,fund,fii,tickers_subtype_fii,200,GET /api/v2/stocks/quote,true,BRL,XPLG11,XP Log Fundo Investimento Imobiliario FII,96.08,2026-10-05T17:17:30.000Z,2026-10-05T17:17:30Z,2026-10-05T14:17:30-03:00,96.08,97.29,94.54,79848,2.27,2.42,marketCap,,180.1,2026-10-05T17:19:01.341555Z,2026-10-05T17:19:03.083Z,91.3,1.52,93.1,,horario_pregao_brt=14:17:30
KNCR11,KNCR11,false,fii,fund,fii,tickers_subtype_fii,200,GET /api/v2/stocks/quote,true,BRL,KNCR11,Kinea Rendimentos Imobiliarios Fundo de Investimento Imobiliario - FII Cotas,104.44,2026-10-05T17:17:30.000Z,2026-10-05T17:17:30Z,2026-10-05T14:17:30-03:00,104.44,106.37,104.02,386147,-1.06,-1,marketCap,,203.4,2026-10-05T17:19:01.523055Z,2026-10-05T17:19:03.286Z,91.5,1.52,93.3,,horario_pregao_brt=14:17:30
KNHY11,KNHY11,false,fii,fund,fii,tickers_subtype_fii,200,GET /api/v2/stocks/quote,true,BRL,KNHY11,Kinea High Yield CRI Fundo De Investimento Imobiliario - FII,94.66,2026-10-05T17:17:30.000Z,2026-10-05T17:17:30Z,2026-10-05T14:17:30-03:00,94.66,95.7,93.67,53528,1.3,1.39,marketCap,,173.1,2026-10-05T17:19:01.727817Z,2026-10-05T17:19:03.465Z,91.7,1.53,93.5,,horario_pregao_brt=14:17:30
SNAG11,SNAG11,false,fiagro,fund,fi-agro,tickers_search_SNAG11,200,GET /api/v2/stocks/quote,true,BRL,SNAG11,Suno Agro Fiagro Imobiliario,9.91,2026-10-05T17:18:30.000Z,2026-10-05T17:18:30Z,2026-10-05T14:18:30-03:00,9.91,10.06,9.89,159360,-0.01,-0.1,marketCap,,188.1,2026-10-05T17:19:01.901626Z,2026-10-05T17:19:03.646Z,31.9,0.53,33.6,,horario_pregao_brt=14:18:30
